{"$schema":"http://schema.management.azure.com/schemas/2015-01-01/deploymentTemplate.json#","contentVersion":"1.0.0.0","parameters":{"ProjectLakehouse":{"type":"string"},"ProjectWarehouse":{"type":"string"}},"variables":{},"resources":[{"name":"pipl_ny_taxi_zone_lkp","type":"pipelines","apiVersion":"2018-06-01","properties":{"activities":[{"name":"Copy data1","type":"Copy","dependsOn":[],"policy":{"timeout":"0.12:00:00","retry":0,"retryIntervalInSeconds":30,"secureOutput":false,"secureInput":false},"typeProperties":{"source":{"type":"DelimitedTextSource","storeSettings":{"type":"LakehouseReadSettings","recursive":true,"enablePartitionDiscovery":false},"formatSettings":{"type":"DelimitedTextReadSettings"},"datasetSettings":{"annotations":[],"connectionSettings":{"name":"ProjectLakehouse","properties":{"annotations":[],"type":"Lakehouse","typeProperties":{"workspaceId":"4b35e8e7-ce77-4500-9043-62440788c3a9","artifactId":"[parameters('ProjectLakehouse')]","rootFolder":"Files"},"externalReferences":{"connection":"7190c43a-a1da-4bdb-aa20-257b9b21147b"}}},"type":"DelimitedText","typeProperties":{"location":{"type":"LakehouseLocation","fileName":"taxi_zone_lookup.csv","folderPath":"newyork-zone-lkp"},"columnDelimiter":",","escapeChar":"\\","firstRowAsHeader":true,"quoteChar":"\""},"schema":[]}},"sink":{"type":"DataWarehouseSink","allowCopyCommand":true,"copyCommandSettings":{},"tableOption":"autoCreate","datasetSettings":{"annotations":[],"connectionSettings":{"name":"ProjectWarehouse","properties":{"annotations":[],"type":"DataWarehouse","typeProperties":{"endpoint":"fi374tfeg74ejensl6xtijj4mi-47udks3xzyaelecdmjcapcgdve.datawarehouse.fabric.microsoft.com","artifactId":"[parameters('ProjectWarehouse')]","workspaceId":"4b35e8e7-ce77-4500-9043-62440788c3a9"},"externalReferences":{"connection":"e0fda0ce-2db0-4118-8e1c-e4e4458029d0"}}},"type":"DataWarehouseTable","schema":[],"typeProperties":{"schema":"stg","table":"nyctaxi_zone_lkp"}}},"enableStaging":true,"translator":{"type":"TabularTranslator","typeConversion":true,"typeConversionSettings":{"allowDataTruncation":true,"treatBooleanAsNumber":false}}}}],"lastModifiedByObjectId":"b80bea18-2e85-4429-917c-d90cfa60184d","lastPublishTime":"2025-12-04T14:53:14Z"},"dependsOn":[]}]}