{"$schema":"http://schema.management.azure.com/schemas/2015-01-01/deploymentTemplate.json#","contentVersion":"1.0.0.0","parameters":{"projectLakehouse":{"type":"string"},"projectWarehouse":{"type":"string"}},"variables":{},"resources":[{"name":"pipl_ny_sales_data_staging","type":"pipelines","apiVersion":"2018-06-01","properties":{"activities":[{"name":"Copy data-ny-taxi-data","type":"Copy","state":"Active","onInactiveMarkAs":"Succeeded","dependsOn":[{"activity":"Notebook-NB_download_ny_yt_data","dependencyConditions":["Succeeded"]}],"policy":{"timeout":"0.12:00:00","retry":0,"retryIntervalInSeconds":30,"secureOutput":false,"secureInput":false},"typeProperties":{"source":{"type":"ParquetSource","storeSettings":{"type":"LakehouseReadSettings","recursive":false,"wildcardFolderPath":{"value":"@concat('newyork-data/yellow_taxi_data_',variables('v_strt_dt'))","type":"Expression"},"wildcardFileName":"*.parquet","enablePartitionDiscovery":false},"formatSettings":{"type":"ParquetReadSettings"},"datasetSettings":{"annotations":[],"connectionSettings":{"name":"projectLakehouse","properties":{"annotations":[],"type":"Lakehouse","typeProperties":{"workspaceId":"a5bce9e5-5409-4056-804f-9dcb6414cb85","artifactId":"[parameters('projectLakehouse')]","rootFolder":"Files"},"externalReferences":{"connection":"a4205bd6-9c9a-4248-85e1-0241f4751556"}}},"type":"Parquet","typeProperties":{"location":{"type":"LakehouseLocation"},"compressionCodec":"snappy"},"schema":[]}},"sink":{"type":"DataWarehouseSink","preCopyScript":"delete from stg.nyctaxi_yellow","allowCopyCommand":true,"copyCommandSettings":{},"disableMetricsCollection":false,"datasetSettings":{"annotations":[],"connectionSettings":{"name":"projectWarehouse","properties":{"annotations":[],"type":"DataWarehouse","typeProperties":{"endpoint":"fi374tfeg74ejensl6xtijj4mi-4xu3zjijkrlebacptxfwifglqu.datawarehouse.fabric.microsoft.com","artifactId":"[parameters('projectWarehouse')]","workspaceId":"a5bce9e5-5409-4056-804f-9dcb6414cb85"},"externalReferences":{"connection":"af04c7fe-2e67-4d94-b89c-b74d16dd6cac"}}},"type":"DataWarehouseTable","schema":[],"typeProperties":{"schema":"stg","table":"nyctaxi_yellow"}}},"enableStaging":true,"translator":{"type":"TabularTranslator","typeConversion":true,"typeConversionSettings":{"allowDataTruncation":true,"treatBooleanAsNumber":false}}}},{"name":"Notebook-NB_download_ny_yt_data","type":"TridentNotebook","dependsOn":[{"activity":"Set variable-end_dt","dependencyConditions":["Succeeded"]}],"policy":{"timeout":"0.12:00:00","retry":0,"retryIntervalInSeconds":30,"secureOutput":false,"secureInput":false},"typeProperties":{"notebookId":"ac15c971-353e-447b-9484-543f46e106e3","workspaceId":"a5bce9e5-5409-4056-804f-9dcb6414cb85","parameters":{"par_datepart":{"value":{"value":"@variables('v_strt_dt')","type":"Expression"},"type":"string"}}}},{"name":"Stored procedure-","type":"SqlServerStoredProcedure","dependsOn":[{"activity":"Copy data-ny-taxi-data","dependencyConditions":["Succeeded"]}],"policy":{"timeout":"0.12:00:00","retry":0,"retryIntervalInSeconds":30,"secureOutput":false,"secureInput":false},"typeProperties":{"storedProcedureName":"[[stg].[nyctaxi_yellow_tbl_cleaning]","storedProcedureParameters":{"end_dt":{"value":{"value":"@variables('v_end_dt')","type":"Expression"},"type":"DateTime"},"strt_dt":{"value":{"value":"@concat(variables('v_strt_dt') , '-01')","type":"Expression"},"type":"DateTime"}}},"connectionSettings":{"name":"projectWarehouse","properties":{"annotations":[],"type":"DataWarehouse","typeProperties":{"endpoint":"fi374tfeg74ejensl6xtijj4mi-4xu3zjijkrlebacptxfwifglqu.datawarehouse.fabric.microsoft.com","artifactId":"[parameters('projectWarehouse')]","workspaceId":"a5bce9e5-5409-4056-804f-9dcb6414cb85"},"externalReferences":{"connection":"af04c7fe-2e67-4d94-b89c-b74d16dd6cac"}}}},{"name":"Set variable-end_dt","type":"SetVariable","dependsOn":[{"activity":"Set variable-v_strt_dt","dependencyConditions":["Succeeded"]}],"policy":{"secureOutput":false,"secureInput":false},"typeProperties":{"variableName":"v_end_dt","value":{"value":"@formatDateTime(addToTime(concat(variables('v_strt_dt') , '-01') , 1  , 'Month' ) , 'yyyy-MM-dd' ) ","type":"Expression"}}},{"name":"Stored procedure-run_log","type":"SqlServerStoredProcedure","dependsOn":[{"activity":"Stored procedure-","dependencyConditions":["Succeeded"]}],"policy":{"timeout":"0.12:00:00","retry":0,"retryIntervalInSeconds":30,"secureOutput":false,"secureInput":false},"typeProperties":{"storedProcedureName":"[[metadata].[insert_staging_metadata]","storedProcedureParameters":{"pipeline_run_id":{"value":{"value":"@pipeline().RunId","type":"Expression"},"type":"String"},"process_date":{"value":{"value":"@pipeline().TriggerTime","type":"Expression"},"type":"DateTime"},"tbl_name":{"value":"stg.nyctaxi_yellow","type":"String"}}},"connectionSettings":{"name":"projectWarehouse","properties":{"annotations":[],"type":"DataWarehouse","typeProperties":{"endpoint":"fi374tfeg74ejensl6xtijj4mi-4xu3zjijkrlebacptxfwifglqu.datawarehouse.fabric.microsoft.com","artifactId":"[parameters('projectWarehouse')]","workspaceId":"a5bce9e5-5409-4056-804f-9dcb6414cb85"},"externalReferences":{"connection":"af04c7fe-2e67-4d94-b89c-b74d16dd6cac"}}}},{"name":"Script1","type":"Script","dependsOn":[],"policy":{"timeout":"0.12:00:00","retry":0,"retryIntervalInSeconds":30,"secureOutput":false,"secureInput":false},"connectionSettings":{"name":"projectWarehouse","properties":{"annotations":[],"type":"DataWarehouse","typeProperties":{"endpoint":"fi374tfeg74ejensl6xtijj4mi-4xu3zjijkrlebacptxfwifglqu.datawarehouse.fabric.microsoft.com","artifactId":"[parameters('projectWarehouse')]","workspaceId":"a5bce9e5-5409-4056-804f-9dcb6414cb85"},"externalReferences":{"connection":"af04c7fe-2e67-4d94-b89c-b74d16dd6cac"}}},"typeProperties":{"scripts":[{"type":"Query","text":{"value":"SELECT top 1 latest_processed_pickup\r\nfrom metadata.processing_log\r\nwhere processed_tbl_name = 'stg.nyctaxi_yellow'\r\nORDER by latest_processed_pickup desc","type":"Expression"}}],"scriptBlockExecutionTimeout":"02:00:00"}},{"name":"Set variable-v_strt_dt","type":"SetVariable","dependsOn":[{"activity":"Script1","dependencyConditions":["Succeeded"]}],"policy":{"secureOutput":false,"secureInput":false},"typeProperties":{"variableName":"v_strt_dt","value":{"value":"@formatDateTime( addToTime( activity('Script1').output.resultSets[0].rows[0].latest_processed_pickup , 1 , 'Month') , 'yyyy-MM' )","type":"Expression"}}}],"variables":{"v_strt_dt":{"type":"String","defaultValue":"2025-01"},"v_end_dt":{"type":"String"}},"lastModifiedByObjectId":"ac7b2f9e-4f7a-419e-b926-50e98707e28c","lastPublishTime":"2025-12-03T18:34:11Z"},"dependsOn":[]}]}