{"$schema":"http://schema.management.azure.com/schemas/2015-01-01/deploymentTemplate.json#","contentVersion":"1.0.0.0","parameters":{"projectLakehouse":{"type":"string"},"projectWarehouse":{"type":"string"}},"variables":{},"resources":[{"name":"pipl_ny_sales_data_staging","type":"pipelines","apiVersion":"2018-06-01","properties":{"activities":[{"name":"Copy data-ny-taxi-data","type":"Copy","dependsOn":[{"activity":"Notebook-NB_download_ny_yt_data","dependencyConditions":["Succeeded"]}],"policy":{"timeout":"0.12:00:00","retry":0,"retryIntervalInSeconds":30,"secureOutput":false,"secureInput":false},"typeProperties":{"source":{"type":"ParquetSource","storeSettings":{"type":"LakehouseReadSettings","recursive":false,"wildcardFolderPath":{"value":"@concat('newyork-data/yellow_taxi_data_',variables('v_strt_dt'))","type":"Expression"},"wildcardFileName":"*.parquet","enablePartitionDiscovery":false},"formatSettings":{"type":"ParquetReadSettings"},"datasetSettings":{"annotations":[],"connectionSettings":{"name":"projectLakehouse","properties":{"annotations":[],"type":"Lakehouse","typeProperties":{"workspaceId":"50220ac0-2a51-43b3-a94c-2008ba877b0c","artifactId":"[parameters('projectLakehouse')]","rootFolder":"Files"},"externalReferences":{"connection":"44bfb83f-1099-4245-9779-18add7badd81"}}},"type":"Parquet","typeProperties":{"location":{"type":"LakehouseLocation"},"compressionCodec":"snappy"},"schema":[]}},"sink":{"type":"DataWarehouseSink","preCopyScript":"delete from stg.nyctaxi_yellow","allowCopyCommand":true,"copyCommandSettings":{},"disableMetricsCollection":false,"datasetSettings":{"annotations":[],"connectionSettings":{"name":"projectWarehouse","properties":{"annotations":[],"type":"DataWarehouse","typeProperties":{"endpoint":"fi374tfeg74ejensl6xtijj4mi-yafceucrfkzuhkkmeaelvb33bq.datawarehouse.fabric.microsoft.com","artifactId":"[parameters('projectWarehouse')]","workspaceId":"50220ac0-2a51-43b3-a94c-2008ba877b0c"},"externalReferences":{"connection":"f4d4f378-297d-4ea5-ad6b-0dc12946b778"}}},"type":"DataWarehouseTable","schema":[],"typeProperties":{"schema":"stg","table":"nyctaxi_yellow"}}},"enableStaging":true,"translator":{"type":"TabularTranslator","typeConversion":true,"typeConversionSettings":{"allowDataTruncation":true,"treatBooleanAsNumber":false}}}},{"name":"Notebook-NB_download_ny_yt_data","type":"TridentNotebook","dependsOn":[{"activity":"Set variable-end_dt","dependencyConditions":["Succeeded"]}],"policy":{"timeout":"0.12:00:00","retry":0,"retryIntervalInSeconds":30,"secureOutput":false,"secureInput":false},"typeProperties":{"notebookId":"15d050c8-95ef-4ae1-b9e1-84467fbc4a79","workspaceId":"50220ac0-2a51-43b3-a94c-2008ba877b0c","parameters":{"par_datepart":{"value":{"value":"@variables('v_strt_dt')","type":"Expression"},"type":"string"}}}},{"name":"Stored procedure-","type":"SqlServerStoredProcedure","dependsOn":[{"activity":"Copy data-ny-taxi-data","dependencyConditions":["Succeeded"]}],"policy":{"timeout":"0.12:00:00","retry":0,"retryIntervalInSeconds":30,"secureOutput":false,"secureInput":false},"typeProperties":{"storedProcedureName":"[[stg].[nyctaxi_yellow_tbl_cleaning]","storedProcedureParameters":{"end_dt":{"value":{"value":"@variables('v_end_dt')","type":"Expression"},"type":"DateTime"},"strt_dt":{"value":{"value":"@concat(variables('v_strt_dt') , '-01')","type":"Expression"},"type":"DateTime"}}},"connectionSettings":{"name":"projectWarehouse","properties":{"annotations":[],"type":"DataWarehouse","typeProperties":{"endpoint":"fi374tfeg74ejensl6xtijj4mi-yafceucrfkzuhkkmeaelvb33bq.datawarehouse.fabric.microsoft.com","artifactId":"[parameters('projectWarehouse')]","workspaceId":"50220ac0-2a51-43b3-a94c-2008ba877b0c"},"externalReferences":{"connection":"f4d4f378-297d-4ea5-ad6b-0dc12946b778"}}}},{"name":"Set variable-end_dt","type":"SetVariable","dependsOn":[],"policy":{"secureOutput":false,"secureInput":false},"typeProperties":{"variableName":"v_end_dt","value":{"value":"@formatDateTime(addToTime(concat(variables('v_strt_dt') , '-01') , 1  , 'Month' ) , 'yyyy-MM-dd' ) ","type":"Expression"}}}],"variables":{"v_strt_dt":{"type":"String","defaultValue":"2025-01"},"v_end_dt":{"type":"String"}},"lastModifiedByObjectId":"eabe2298-2afa-4a55-a9df-cb0b84b44e40","lastPublishTime":"2025-12-03T13:56:11Z"},"dependsOn":[]}]}