{"$schema":"http://schema.management.azure.com/schemas/2015-01-01/deploymentTemplate.json#","contentVersion":"1.0.0.0","parameters":{"ProjectWarehouse":{"type":"string"}},"variables":{},"resources":[{"name":"pipl_pres_nyc_taxi_processing","type":"pipelines","apiVersion":"2018-06-01","properties":{"activities":[{"name":"Stored procedure1","type":"SqlServerStoredProcedure","dependsOn":[{"activity":"Stored procedure-insert","dependencyConditions":["Succeeded"]}],"policy":{"timeout":"0.12:00:00","retry":0,"retryIntervalInSeconds":30,"secureOutput":false,"secureInput":false},"typeProperties":{"storedProcedureName":"[[metadata].[insert_presentation_metadata]","storedProcedureParameters":{"pipeline_run_id":{"value":{"value":"@pipeline().RunId","type":"Expression"},"type":"String"},"process_date":{"value":{"value":"@pipeline().TriggerTime","type":"Expression"},"type":"DateTime"},"tbl_name":{"value":"dbo.nyctaxi_yellow","type":"String"}}},"connectionSettings":{"name":"ProjectWarehouse","properties":{"annotations":[],"type":"DataWarehouse","typeProperties":{"endpoint":"fi374tfeg74ejensl6xtijj4mi-d2z3k3kb6mae7cei2hf6bzyace.datawarehouse.fabric.microsoft.com","artifactId":"[parameters('ProjectWarehouse')]","workspaceId":"6db5b31e-f341-4f00-8888-d1cbe0e70011"},"externalReferences":{"connection":"643a274f-cdca-4592-89ac-59c8b2a79dd3"}}}},{"name":"Stored procedure-insert","type":"SqlServerStoredProcedure","dependsOn":[],"policy":{"timeout":"0.12:00:00","retry":0,"retryIntervalInSeconds":30,"secureOutput":false,"secureInput":false},"typeProperties":{"storedProcedureName":"[[dbo].[insert_nyctaxi_yellow]"},"connectionSettings":{"name":"ProjectWarehouse","properties":{"annotations":[],"type":"DataWarehouse","typeProperties":{"endpoint":"fi374tfeg74ejensl6xtijj4mi-d2z3k3kb6mae7cei2hf6bzyace.datawarehouse.fabric.microsoft.com","artifactId":"[parameters('ProjectWarehouse')]","workspaceId":"6db5b31e-f341-4f00-8888-d1cbe0e70011"},"externalReferences":{"connection":"643a274f-cdca-4592-89ac-59c8b2a79dd3"}}}}],"lastModifiedByObjectId":"0dcd1bda-23de-415d-9469-0bc66e63713a","lastPublishTime":"2025-12-06T11:55:34Z"},"dependsOn":[]}]}