{"$schema":"http://schema.management.azure.com/schemas/2015-01-01/deploymentTemplate.json#","contentVersion":"1.0.0.0","parameters":{"ProjectWarehouse":{"type":"string"}},"variables":{},"resources":[{"name":"pipl_pres_nyc_taxi_processing","type":"pipelines","apiVersion":"2018-06-01","properties":{"activities":[{"name":"Dataflow1","type":"RefreshDataflow","dependsOn":[],"policy":{"timeout":"0.12:00:00","retry":0,"retryIntervalInSeconds":30,"secureOutput":false,"secureInput":false},"typeProperties":{"dataflowId":"6af4f796-52d9-48e9-90de-f5ef0e6b0ec1","workspaceId":"4b35e8e7-ce77-4500-9043-62440788c3a9","notifyOption":"NoNotification","dataflowType":"DataflowFabric"}},{"name":"Stored procedure1","type":"SqlServerStoredProcedure","dependsOn":[{"activity":"Dataflow1","dependencyConditions":["Succeeded"]}],"policy":{"timeout":"0.12:00:00","retry":0,"retryIntervalInSeconds":30,"secureOutput":false,"secureInput":false},"typeProperties":{"storedProcedureName":"[[metadata].[insert_presentation_metadata]","storedProcedureParameters":{"pipeline_run_id":{"value":{"value":"@pipeline().RunId","type":"Expression"},"type":"String"},"process_date":{"value":{"value":"@pipeline().TriggerTime","type":"Expression"},"type":"DateTime"},"tbl_name":{"value":"dbo.nyctaxi_yellow","type":"String"}}},"connectionSettings":{"name":"ProjectWarehouse","properties":{"annotations":[],"type":"DataWarehouse","typeProperties":{"endpoint":"fi374tfeg74ejensl6xtijj4mi-47udks3xzyaelecdmjcapcgdve.datawarehouse.fabric.microsoft.com","artifactId":"[parameters('ProjectWarehouse')]","workspaceId":"4b35e8e7-ce77-4500-9043-62440788c3a9"},"externalReferences":{"connection":"e0fda0ce-2db0-4118-8e1c-e4e4458029d0"}}}}],"lastModifiedByObjectId":"b80bea18-2e85-4429-917c-d90cfa60184d","lastPublishTime":"2025-12-04T15:28:40Z"},"dependsOn":[]}]}